{"_wandb":{"runtime":6264},"lr":0.00010964999999999998,"iteration":730,"_timestamp":1.767384960443132e+09,"_step":732,"train/loss":1.3261818885803223,"val/loss":1.5770558786392213,"_runtime":6264}