{"lr":0.00022499999999999997,"iteration":1499,"val/loss":1.7050285816192627,"_timestamp":1.768875568374647e+09,"_step":1499,"_wandb":{"runtime":587},"_runtime":587,"train/loss":1.899766445159912}