{"_timestamp":1.7673993262763221e+09,"_step":228,"train/loss":7.8673787117004395,"_wandb":{"runtime":2267},"_runtime":2267,"lr":3.435e-05,"iteration":228,"val/loss":11.605848197937013}