{"iteration":9999,"val/loss":1.203566962480545,"_timestamp":1.7689916568477523e+09,"_wandb":{"runtime":30982},"_runtime":30982,"_step":9999,"train/loss":1.2229257822036743,"lr":0.0005861082828013013}